{
    "lighting": "none",
    "matrix": {
        "rows": 10,
        "cols":7
    },
    "layouts": {
        "keymap":[
  [
    {
      "x": 3
    },
    "0,3",
    {
      "x": 8.75
    },
    "5,3"
  ],
  [
    {
      "y": -0.87,
      "x": 2
    },
    "0,2",
    {
      "x": 1
    },
    "0,4",
    {
      "x": 6.75
    },
    "5,4",
    {
      "x": 1
    },
    "5,2"
  ],
  [
    {
      "y": -0.8799999999999999,
      "x": 5
    },
    "0,5",
    "0,6",
    {
      "x": 2.75
    },
    "5,6",
    "5,5"
  ],
  [
    {
      "y": -0.87
    },
    "0,0",
    "0,1",
    {
      "x": 12.75
    },
    "5,1",
    "5,0"
  ],
  [
    {
      "y": -0.3799999999999999,
      "x": 3
    },
    "1,3",
    {
      "x": 8.75
    },
    "6,3"
  ],
  [
    {
      "y": -0.8700000000000001,
      "x": 2
    },
    "1,2",
    {
      "x": 1
    },
    "1,4",
    {
      "x": 6.75
    },
    "6,4",
    {
      "x": 1
    },
    "6,2"
  ],
  [
    {
      "y": -0.8799999999999999,
      "x": 5
    },
    "1,5",
    "1,6",
    {
      "x": 2.75
    },
    "6,6",
    "6,5"
  ],
  [
    {
      "y": -0.8700000000000001
    },
    "1,0",
    "1,1",
    {
      "x": 12.75
    },
    "6,1",
    "6,0"
  ],
  [
    {
      "y": -0.3799999999999999,
      "x": 3
    },
    "2,3",
    {
      "x": 8.75
    },
    "7,3"
  ],
  [
    {
      "y": -0.8700000000000001,
      "x": 2
    },
    "2,2",
    {
      "x": 1
    },
    "2,4",
    {
      "x": 6.75
    },
    "7,4",
    {
      "x": 1
    },
    "7,2"
  ],
  [
    {
      "y": -0.8799999999999999,
      "x": 5
    },
    "2,5",
    "2,6",
    {
      "x": 2.75
    },
    "7,6",
    "7,5"
  ],
  [
    {
      "y": -0.8700000000000001
    },
    "2,0",
    "2,1",
    {
      "x": 12.75
    },
    "7,1",
    "7,0"
  ],
  [
    {
      "y": -0.3799999999999999,
      "x": 3
    },
    "3,3",
    {
      "x": 8.75
    },
    "8,3"
  ],
  [
    {
      "y": -0.8700000000000001,
      "x": 2
    },
    "3,2",
    {
      "x": 1
    },
    "3,4",
    {
      "x": 6.75
    },
    "8,4",
    {
      "x": 1
    },
    "8,2"
  ],
  [
    {
      "y": -0.8799999999999999,
      "x": 5
    },
    "3,5",
    {
      "x": 4.75
    },
    "8,5"
  ],
  [
    {
      "y": -0.8700000000000001
    },
    "3,0",
    "3,1",
    {
      "x": 12.75
    },
    "8,1",
    "8,0"
  ],
  [
    {
      "y": -0.3799999999999999,
      "x": 3
    },
    "4,3",
    {
      "x": 8.75
    },
    "9,3"
  ],
  [
    {
      "y": -0.8700000000000001,
      "x": 2
    },
    "4,2",
    {
      "x": 10.75
    },
    "9,2"
  ],
  [
    {
      "r": 15,
      "rx": 6.5,
      "ry": 4.25,
      "y": 0.5,
      "x": -2,
      "h": 1.5
    },
    "4,4",
    {
      "h": 1.5
    },
    "4,5"
  ],
  [
    {
      "r": 30,
      "y": -1,
      "x": 0.5
    },
    "3,6",
    "4,6"
  ],
  [
    {
      "x": 0.5
    },
    "4,0",
    "4,1"
  ],
  [
    {
      "r": -30,
      "rx": 13,
      "y": -0.75,
      "x": -4.75
    },
    "9,6",
    "9,5"
  ],
  [
    {
      "x": -4.75
    },
    "9,1",
    "9,0"
  ],
  [
    {
      "r": -15,
      "y": -1.5,
      "x": -2.5,
      "h": 1.5
    },
    "8,6",
    {
      "h": 1.5
    },
    "9,4"
  ]
]
    }
}
